--------------------------------------------------------
--  파일이 생성됨 - 목요일-5월-16-2019   
--------------------------------------------------------
--------------------------------------------------------
--  DDL for Sequence SEQ_BOARD_BOARD_NUMBER
--------------------------------------------------------

   CREATE SEQUENCE  "TEAMP"."SEQ_BOARD_BOARD_NUMBER"  MINVALUE 1 MAXVALUE 9999999999999999999999999999 INCREMENT BY 1 START WITH 21 CACHE 20 NOORDER  NOCYCLE ;
--------------------------------------------------------
--  DDL for Sequence SEQ_CHAMPION_CHAMPION_NUMBER
--------------------------------------------------------

   CREATE SEQUENCE  "TEAMP"."SEQ_CHAMPION_CHAMPION_NUMBER"  MINVALUE 1 MAXVALUE 9999999999999999999999999999 INCREMENT BY 1 START WITH 21 CACHE 20 NOORDER  NOCYCLE ;
--------------------------------------------------------
--  DDL for Sequence SEQ_CHAMPION_FILE_INDEX
--------------------------------------------------------

   CREATE SEQUENCE  "TEAMP"."SEQ_CHAMPION_FILE_INDEX"  MINVALUE 1 MAXVALUE 9999999999999999999999999999 INCREMENT BY 1 START WITH 21 CACHE 20 NOORDER  NOCYCLE ;
--------------------------------------------------------
--  DDL for Sequence SEQ_CHAMP_PER_LEVEL_ROW_NO
--------------------------------------------------------

   CREATE SEQUENCE  "TEAMP"."SEQ_CHAMP_PER_LEVEL_ROW_NO"  MINVALUE 1 MAXVALUE 9999999999999999999999999999 INCREMENT BY 1 START WITH 101 CACHE 20 NOORDER  NOCYCLE ;
--------------------------------------------------------
--  DDL for Sequence SEQ_MEMBERS_MEMBER_NUMBER
--------------------------------------------------------

   CREATE SEQUENCE  "TEAMP"."SEQ_MEMBERS_MEMBER_NUMBER"  MINVALUE 1 MAXVALUE 9999999999999999999999999999 INCREMENT BY 1 START WITH 21 CACHE 20 NOORDER  NOCYCLE ;
--------------------------------------------------------
--  DDL for Sequence SEQ_REPLY_REPLY_NUM
--------------------------------------------------------

   CREATE SEQUENCE  "TEAMP"."SEQ_REPLY_REPLY_NUMBER"  MINVALUE 1 MAXVALUE 9999999999999999999999999999 INCREMENT BY 1 START WITH 1 CACHE 20 NOORDER  NOCYCLE ;
--------------------------------------------------------
--  DDL for Table BOARD
--------------------------------------------------------

  CREATE TABLE "TEAMP"."BOARD" 
   (	"BOARD_NUMBER" NUMBER DEFAULT 1, 
	"TITLE" VARCHAR2(90 BYTE), 
	"CONTENT" VARCHAR2(3000 BYTE), 
	"CREATE_DATE" DATE, 
	"MODIFIED_DATE" DATE, 
	"MEMBER_NUMBER" NUMBER DEFAULT 1
   ) SEGMENT CREATION IMMEDIATE 
  PCTFREE 10 PCTUSED 40 INITRANS 1 MAXTRANS 255 NOCOMPRESS LOGGING
  STORAGE(INITIAL 65536 NEXT 1048576 MINEXTENTS 1 MAXEXTENTS 2147483645
  PCTINCREASE 0 FREELISTS 1 FREELIST GROUPS 1 BUFFER_POOL DEFAULT FLASH_CACHE DEFAULT CELL_FLASH_CACHE DEFAULT)
  TABLESPACE "SYSTEM" ;
--------------------------------------------------------
--  DDL for Table CHAMPION
--------------------------------------------------------

  CREATE TABLE "TEAMP"."CHAMPION" 
   (	"CHAMPION_NUMBER" NUMBER DEFAULT 1, 
	"CHAMPION_NAME" VARCHAR2(40 BYTE), 
	"CHAMPION_NICK" VARCHAR2(40 BYTE), 
	"POSITION" VARCHAR2(10 BYTE), 
	"HP" NUMBER, 
	"MP" NUMBER, 
	"AD" NUMBER, 
	"AP" NUMBER
   ) SEGMENT CREATION IMMEDIATE 
  PCTFREE 10 PCTUSED 40 INITRANS 1 MAXTRANS 255 NOCOMPRESS LOGGING
  STORAGE(INITIAL 65536 NEXT 1048576 MINEXTENTS 1 MAXEXTENTS 2147483645
  PCTINCREASE 0 FREELISTS 1 FREELIST GROUPS 1 BUFFER_POOL DEFAULT FLASH_CACHE DEFAULT CELL_FLASH_CACHE DEFAULT)
  TABLESPACE "SYSTEM" ;
--------------------------------------------------------
--  DDL for Table CHAMPION_FILE
--------------------------------------------------------

  CREATE TABLE "TEAMP"."CHAMPION_FILE" 
   (	"FILE_INDEX" NUMBER, 
	"CHAMPION_NUMBER" NUMBER, 
	"ORIGINAL_FILE_NAME" VARCHAR2(50 BYTE), 
	"STORED_FILE_NAME" VARCHAR2(50 BYTE), 
	"FILE_SIZE" NUMBER, 
	"CRE_DATE" DATE
   ) SEGMENT CREATION IMMEDIATE 
  PCTFREE 10 PCTUSED 40 INITRANS 1 MAXTRANS 255 NOCOMPRESS LOGGING
  STORAGE(INITIAL 65536 NEXT 1048576 MINEXTENTS 1 MAXEXTENTS 2147483645
  PCTINCREASE 0 FREELISTS 1 FREELIST GROUPS 1 BUFFER_POOL DEFAULT FLASH_CACHE DEFAULT CELL_FLASH_CACHE DEFAULT)
  TABLESPACE "SYSTEM" ;
--------------------------------------------------------
--  DDL for Table CHAMPION_PER_LEVEL
--------------------------------------------------------

  CREATE TABLE "TEAMP"."CHAMPION_PER_LEVEL" 
   (	"ROW_NUMBER" NUMBER DEFAULT 1, 
	"CHAMPION_NUMBER" NUMBER DEFAULT 1, 
	"CHAMPION_LEVEL" NUMBER, 
	"HP" NUMBER, 
	"MP" NUMBER, 
	"AD" NUMBER, 
	"AP" NUMBER, 
	"HPGROWTH" NUMBER, 
	"MPGROWTH" NUMBER, 
	"ADGROWTH" NUMBER, 
	"APGROWTH" NUMBER
   ) SEGMENT CREATION IMMEDIATE 
  PCTFREE 10 PCTUSED 40 INITRANS 1 MAXTRANS 255 NOCOMPRESS LOGGING
  STORAGE(INITIAL 65536 NEXT 1048576 MINEXTENTS 1 MAXEXTENTS 2147483645
  PCTINCREASE 0 FREELISTS 1 FREELIST GROUPS 1 BUFFER_POOL DEFAULT FLASH_CACHE DEFAULT CELL_FLASH_CACHE DEFAULT)
  TABLESPACE "SYSTEM" ;
--------------------------------------------------------
--  DDL for Table MEMBERS
--------------------------------------------------------

  CREATE TABLE "TEAMP"."MEMBERS" 
   (	"MEMBER_NUMBER" NUMBER DEFAULT 1, 
	"AUTHORITY" VARCHAR2(4 BYTE), 
	"MEMBER_ID" VARCHAR2(30 BYTE), 
	"EMAIL" VARCHAR2(60 BYTE), 
	"PASSWORD" VARCHAR2(30 BYTE), 
	"CREATE_DATE" DATE, 
	"MODIFIED_DATE" DATE
   ) SEGMENT CREATION IMMEDIATE 
  PCTFREE 10 PCTUSED 40 INITRANS 1 MAXTRANS 255 NOCOMPRESS LOGGING
  STORAGE(INITIAL 65536 NEXT 1048576 MINEXTENTS 1 MAXEXTENTS 2147483645
  PCTINCREASE 0 FREELISTS 1 FREELIST GROUPS 1 BUFFER_POOL DEFAULT FLASH_CACHE DEFAULT CELL_FLASH_CACHE DEFAULT)
  TABLESPACE "SYSTEM" ;

   COMMENT ON COLUMN "TEAMP"."MEMBERS"."AUTHORITY" IS 'Y = 관리자
N = 일반 회원';
--------------------------------------------------------
--  DDL for Table REPLY
--------------------------------------------------------

  CREATE TABLE "TEAMP"."REPLY" 
   (	"REPLY_NUM" NUMBER DEFAULT 1, 
	"REPLY_BOARD_NUM" NUMBER DEFAULT 1, 
	"RE_COMMENT" VARCHAR2(900 BYTE), 
	"IS_REPLY_COMM" VARCHAR2(50 BYTE), 
	"IS_REPLY_COMM_NUM" NUMBER, 
	"CREATE_DATE" DATE, 
	"MEMBER_NUMBER" NUMBER DEFAULT 1
   ) SEGMENT CREATION IMMEDIATE 
  PCTFREE 10 PCTUSED 40 INITRANS 1 MAXTRANS 255 NOCOMPRESS LOGGING
  STORAGE(INITIAL 65536 NEXT 1048576 MINEXTENTS 1 MAXEXTENTS 2147483645
  PCTINCREASE 0 FREELISTS 1 FREELIST GROUPS 1 BUFFER_POOL DEFAULT FLASH_CACHE DEFAULT CELL_FLASH_CACHE DEFAULT)
  TABLESPACE "SYSTEM" ;
REM INSERTING into TEAMP.BOARD
SET DEFINE OFF;
Insert into TEAMP.BOARD (BOARD_NUMBER,TITLE,CONTENT,CREATE_DATE,MODIFIED_DATE,MEMBER_NUMBER) values (1,'공지사항','1. 운영방침
1) 운영 정책은 커뮤니티 사이트 내 질서 유지와 고객분들의 소통의 권리를 보호하기 위해 마련되어 있으며, 안내된 내용을 위반할 시 운영정책에 따른 제재를 받을 수 있습니다.
2) 운영 정책 내 위반된 사항에 대하여 사전 통보 없이 삭제,이동,수정될 수 있으며 아래 내용에 자세히 언급되지 않은 모든사항에 대해서 분위기에 악영향을 미치는 경우 사안을 판단하거나 조율을 통해 제재를 받을 수 있습니다.
3) 관리자는운영 상황에 따라 관련된 정책 내용을 추가/변경/삭제할 수 있습니다.


2. 개인 정보관련
1) 관리자는 별도의 수단을 통해 고객 여러분의 개인정보를 요청하지 않습니다.
2) 개인의 실수로 노출된 개인정보에 대하여 도움을 드릴 수 없는 부분으로 개인정보에 대해서는 본인 스스로 주의하셔야 합니다.


3. 위반 항목에 따른 이용제한
- 고객 여러분께서는 아래 항목에 해당하는 내용물을 게시하거나 전달할 수 없으며, 회사는 게시물이 아래항목에 해당한다고 판단되는
경우 사전 통보 없이 삭제하거나 이동 또는 등록을 거부할 수 있으며 이용 정책에 따라 이용을 제한할 수 있습니다.',to_date('19/05/16','RR/MM/DD'),null,1);
REM INSERTING into TEAMP.CHAMPION
SET DEFINE OFF;
Insert into TEAMP.CHAMPION (CHAMPION_NUMBER,CHAMPION_NAME,CHAMPION_NICK,POSITION,HP,MP,AD,AP) values (1,'가렌','데마시아의 힘','top',616,0,66,0);
Insert into TEAMP.CHAMPION (CHAMPION_NUMBER,CHAMPION_NAME,CHAMPION_NICK,POSITION,HP,MP,AD,AP) values (2,'갈리오','위대한 석상','top',562,500,59,0);
Insert into TEAMP.CHAMPION (CHAMPION_NUMBER,CHAMPION_NAME,CHAMPION_NICK,POSITION,HP,MP,AD,AP) values (3,'갱플랭크','바다의 무법자','top',540,282,64,0);
Insert into TEAMP.CHAMPION (CHAMPION_NUMBER,CHAMPION_NAME,CHAMPION_NICK,POSITION,HP,MP,AD,AP) values (4,'나르','잃어버린 고리','top',510,0,59,0);
Insert into TEAMP.CHAMPION (CHAMPION_NUMBER,CHAMPION_NAME,CHAMPION_NICK,POSITION,HP,MP,AD,AP) values (5,'나서스','사막의 관리자','top',561,325,67,0);
REM INSERTING into TEAMP.CHAMPION_FILE
SET DEFINE OFF;
Insert into TEAMP.CHAMPION_FILE (FILE_INDEX,CHAMPION_NUMBER,ORIGINAL_FILE_NAME,STORED_FILE_NAME,FILE_SIZE,CRE_DATE) values (2,1,'Garen.png','51b053d1fc924545a9f230d497162d4c.png',19482,to_date('19/05/16','RR/MM/DD'));
Insert into TEAMP.CHAMPION_FILE (FILE_INDEX,CHAMPION_NUMBER,ORIGINAL_FILE_NAME,STORED_FILE_NAME,FILE_SIZE,CRE_DATE) values (3,2,'Galio.png','6d5161a076d74e7eb2c99cc2a50cba62.png',15279,to_date('19/05/16','RR/MM/DD'));
Insert into TEAMP.CHAMPION_FILE (FILE_INDEX,CHAMPION_NUMBER,ORIGINAL_FILE_NAME,STORED_FILE_NAME,FILE_SIZE,CRE_DATE) values (4,3,'GP.png','f09d1ded43a940b780845461d2896d83.png',19904,to_date('19/05/16','RR/MM/DD'));
Insert into TEAMP.CHAMPION_FILE (FILE_INDEX,CHAMPION_NUMBER,ORIGINAL_FILE_NAME,STORED_FILE_NAME,FILE_SIZE,CRE_DATE) values (5,4,'gnar.png','3768acc8b2b447d5a80fd84ea95afcac.png',17050,to_date('19/05/16','RR/MM/DD'));
Insert into TEAMP.CHAMPION_FILE (FILE_INDEX,CHAMPION_NUMBER,ORIGINAL_FILE_NAME,STORED_FILE_NAME,FILE_SIZE,CRE_DATE) values (6,5,'nasus.png','5812a3bdf2ad4b1fb67d971168598b53.png',18167,to_date('19/05/16','RR/MM/DD'));
REM INSERTING into TEAMP.CHAMPION_PER_LEVEL
SET DEFINE OFF;
Insert into TEAMP.CHAMPION_PER_LEVEL (ROW_NUMBER,CHAMPION_NUMBER,CHAMPION_LEVEL,HP,MP,AD,AP,HPGROWTH,MPGROWTH,ADGROWTH,APGROWTH) values (1,1,1,616,0,66,0,85,0,5,0);
Insert into TEAMP.CHAMPION_PER_LEVEL (ROW_NUMBER,CHAMPION_NUMBER,CHAMPION_LEVEL,HP,MP,AD,AP,HPGROWTH,MPGROWTH,ADGROWTH,APGROWTH) values (2,1,2,701,0,71,0,85,0,5,0);
Insert into TEAMP.CHAMPION_PER_LEVEL (ROW_NUMBER,CHAMPION_NUMBER,CHAMPION_LEVEL,HP,MP,AD,AP,HPGROWTH,MPGROWTH,ADGROWTH,APGROWTH) values (3,1,3,786,0,76,0,85,0,5,0);
Insert into TEAMP.CHAMPION_PER_LEVEL (ROW_NUMBER,CHAMPION_NUMBER,CHAMPION_LEVEL,HP,MP,AD,AP,HPGROWTH,MPGROWTH,ADGROWTH,APGROWTH) values (4,1,4,871,0,81,0,85,0,5,0);
Insert into TEAMP.CHAMPION_PER_LEVEL (ROW_NUMBER,CHAMPION_NUMBER,CHAMPION_LEVEL,HP,MP,AD,AP,HPGROWTH,MPGROWTH,ADGROWTH,APGROWTH) values (5,1,5,956,0,86,0,85,0,5,0);
Insert into TEAMP.CHAMPION_PER_LEVEL (ROW_NUMBER,CHAMPION_NUMBER,CHAMPION_LEVEL,HP,MP,AD,AP,HPGROWTH,MPGROWTH,ADGROWTH,APGROWTH) values (6,1,6,1041,0,91,0,85,0,5,0);
Insert into TEAMP.CHAMPION_PER_LEVEL (ROW_NUMBER,CHAMPION_NUMBER,CHAMPION_LEVEL,HP,MP,AD,AP,HPGROWTH,MPGROWTH,ADGROWTH,APGROWTH) values (7,1,7,1126,0,96,0,85,0,5,0);
Insert into TEAMP.CHAMPION_PER_LEVEL (ROW_NUMBER,CHAMPION_NUMBER,CHAMPION_LEVEL,HP,MP,AD,AP,HPGROWTH,MPGROWTH,ADGROWTH,APGROWTH) values (8,1,8,1211,0,101,0,85,0,5,0);
Insert into TEAMP.CHAMPION_PER_LEVEL (ROW_NUMBER,CHAMPION_NUMBER,CHAMPION_LEVEL,HP,MP,AD,AP,HPGROWTH,MPGROWTH,ADGROWTH,APGROWTH) values (9,1,9,1296,0,106,0,85,0,5,0);
Insert into TEAMP.CHAMPION_PER_LEVEL (ROW_NUMBER,CHAMPION_NUMBER,CHAMPION_LEVEL,HP,MP,AD,AP,HPGROWTH,MPGROWTH,ADGROWTH,APGROWTH) values (10,1,10,1381,0,111,0,85,0,5,0);
Insert into TEAMP.CHAMPION_PER_LEVEL (ROW_NUMBER,CHAMPION_NUMBER,CHAMPION_LEVEL,HP,MP,AD,AP,HPGROWTH,MPGROWTH,ADGROWTH,APGROWTH) values (11,1,11,1466,0,116,0,85,0,5,0);
Insert into TEAMP.CHAMPION_PER_LEVEL (ROW_NUMBER,CHAMPION_NUMBER,CHAMPION_LEVEL,HP,MP,AD,AP,HPGROWTH,MPGROWTH,ADGROWTH,APGROWTH) values (12,1,12,1551,0,121,0,85,0,5,0);
Insert into TEAMP.CHAMPION_PER_LEVEL (ROW_NUMBER,CHAMPION_NUMBER,CHAMPION_LEVEL,HP,MP,AD,AP,HPGROWTH,MPGROWTH,ADGROWTH,APGROWTH) values (13,1,13,1636,0,126,0,85,0,5,0);
Insert into TEAMP.CHAMPION_PER_LEVEL (ROW_NUMBER,CHAMPION_NUMBER,CHAMPION_LEVEL,HP,MP,AD,AP,HPGROWTH,MPGROWTH,ADGROWTH,APGROWTH) values (14,1,14,1721,0,131,0,85,0,5,0);
Insert into TEAMP.CHAMPION_PER_LEVEL (ROW_NUMBER,CHAMPION_NUMBER,CHAMPION_LEVEL,HP,MP,AD,AP,HPGROWTH,MPGROWTH,ADGROWTH,APGROWTH) values (15,1,15,1806,0,136,0,85,0,5,0);
Insert into TEAMP.CHAMPION_PER_LEVEL (ROW_NUMBER,CHAMPION_NUMBER,CHAMPION_LEVEL,HP,MP,AD,AP,HPGROWTH,MPGROWTH,ADGROWTH,APGROWTH) values (16,1,16,1891,0,141,0,85,0,5,0);
Insert into TEAMP.CHAMPION_PER_LEVEL (ROW_NUMBER,CHAMPION_NUMBER,CHAMPION_LEVEL,HP,MP,AD,AP,HPGROWTH,MPGROWTH,ADGROWTH,APGROWTH) values (17,1,17,1976,0,146,0,85,0,5,0);
Insert into TEAMP.CHAMPION_PER_LEVEL (ROW_NUMBER,CHAMPION_NUMBER,CHAMPION_LEVEL,HP,MP,AD,AP,HPGROWTH,MPGROWTH,ADGROWTH,APGROWTH) values (18,1,18,2061,0,151,0,85,0,5,0);
Insert into TEAMP.CHAMPION_PER_LEVEL (ROW_NUMBER,CHAMPION_NUMBER,CHAMPION_LEVEL,HP,MP,AD,AP,HPGROWTH,MPGROWTH,ADGROWTH,APGROWTH) values (19,2,1,562,500,59,0,112,20,3,0);
Insert into TEAMP.CHAMPION_PER_LEVEL (ROW_NUMBER,CHAMPION_NUMBER,CHAMPION_LEVEL,HP,MP,AD,AP,HPGROWTH,MPGROWTH,ADGROWTH,APGROWTH) values (20,2,2,674,520,62,0,112,20,3,0);
Insert into TEAMP.CHAMPION_PER_LEVEL (ROW_NUMBER,CHAMPION_NUMBER,CHAMPION_LEVEL,HP,MP,AD,AP,HPGROWTH,MPGROWTH,ADGROWTH,APGROWTH) values (21,2,3,786,540,65,0,112,20,3,0);
Insert into TEAMP.CHAMPION_PER_LEVEL (ROW_NUMBER,CHAMPION_NUMBER,CHAMPION_LEVEL,HP,MP,AD,AP,HPGROWTH,MPGROWTH,ADGROWTH,APGROWTH) values (22,2,4,898,560,68,0,112,20,3,0);
Insert into TEAMP.CHAMPION_PER_LEVEL (ROW_NUMBER,CHAMPION_NUMBER,CHAMPION_LEVEL,HP,MP,AD,AP,HPGROWTH,MPGROWTH,ADGROWTH,APGROWTH) values (23,2,5,1010,580,71,0,112,20,3,0);
Insert into TEAMP.CHAMPION_PER_LEVEL (ROW_NUMBER,CHAMPION_NUMBER,CHAMPION_LEVEL,HP,MP,AD,AP,HPGROWTH,MPGROWTH,ADGROWTH,APGROWTH) values (24,2,6,1122,600,74,0,112,20,3,0);
Insert into TEAMP.CHAMPION_PER_LEVEL (ROW_NUMBER,CHAMPION_NUMBER,CHAMPION_LEVEL,HP,MP,AD,AP,HPGROWTH,MPGROWTH,ADGROWTH,APGROWTH) values (25,2,7,1234,620,77,0,112,20,3,0);
Insert into TEAMP.CHAMPION_PER_LEVEL (ROW_NUMBER,CHAMPION_NUMBER,CHAMPION_LEVEL,HP,MP,AD,AP,HPGROWTH,MPGROWTH,ADGROWTH,APGROWTH) values (26,2,8,1346,640,80,0,112,20,3,0);
Insert into TEAMP.CHAMPION_PER_LEVEL (ROW_NUMBER,CHAMPION_NUMBER,CHAMPION_LEVEL,HP,MP,AD,AP,HPGROWTH,MPGROWTH,ADGROWTH,APGROWTH) values (27,2,9,1458,660,83,0,112,20,3,0);
Insert into TEAMP.CHAMPION_PER_LEVEL (ROW_NUMBER,CHAMPION_NUMBER,CHAMPION_LEVEL,HP,MP,AD,AP,HPGROWTH,MPGROWTH,ADGROWTH,APGROWTH) values (28,2,10,1570,680,86,0,112,20,3,0);
Insert into TEAMP.CHAMPION_PER_LEVEL (ROW_NUMBER,CHAMPION_NUMBER,CHAMPION_LEVEL,HP,MP,AD,AP,HPGROWTH,MPGROWTH,ADGROWTH,APGROWTH) values (29,2,11,1682,700,89,0,112,20,3,0);
Insert into TEAMP.CHAMPION_PER_LEVEL (ROW_NUMBER,CHAMPION_NUMBER,CHAMPION_LEVEL,HP,MP,AD,AP,HPGROWTH,MPGROWTH,ADGROWTH,APGROWTH) values (30,2,12,1794,720,92,0,112,20,3,0);
Insert into TEAMP.CHAMPION_PER_LEVEL (ROW_NUMBER,CHAMPION_NUMBER,CHAMPION_LEVEL,HP,MP,AD,AP,HPGROWTH,MPGROWTH,ADGROWTH,APGROWTH) values (31,2,13,1906,740,95,0,112,20,3,0);
Insert into TEAMP.CHAMPION_PER_LEVEL (ROW_NUMBER,CHAMPION_NUMBER,CHAMPION_LEVEL,HP,MP,AD,AP,HPGROWTH,MPGROWTH,ADGROWTH,APGROWTH) values (32,2,14,2018,760,98,0,112,20,3,0);
Insert into TEAMP.CHAMPION_PER_LEVEL (ROW_NUMBER,CHAMPION_NUMBER,CHAMPION_LEVEL,HP,MP,AD,AP,HPGROWTH,MPGROWTH,ADGROWTH,APGROWTH) values (33,2,15,2130,780,101,0,112,20,3,0);
Insert into TEAMP.CHAMPION_PER_LEVEL (ROW_NUMBER,CHAMPION_NUMBER,CHAMPION_LEVEL,HP,MP,AD,AP,HPGROWTH,MPGROWTH,ADGROWTH,APGROWTH) values (34,2,16,2242,800,104,0,112,20,3,0);
Insert into TEAMP.CHAMPION_PER_LEVEL (ROW_NUMBER,CHAMPION_NUMBER,CHAMPION_LEVEL,HP,MP,AD,AP,HPGROWTH,MPGROWTH,ADGROWTH,APGROWTH) values (35,2,17,2354,820,107,0,112,20,3,0);
Insert into TEAMP.CHAMPION_PER_LEVEL (ROW_NUMBER,CHAMPION_NUMBER,CHAMPION_LEVEL,HP,MP,AD,AP,HPGROWTH,MPGROWTH,ADGROWTH,APGROWTH) values (36,2,18,2466,840,110,0,112,20,3,0);
Insert into TEAMP.CHAMPION_PER_LEVEL (ROW_NUMBER,CHAMPION_NUMBER,CHAMPION_LEVEL,HP,MP,AD,AP,HPGROWTH,MPGROWTH,ADGROWTH,APGROWTH) values (37,3,1,540,282,64,0,82,40,3,0);
Insert into TEAMP.CHAMPION_PER_LEVEL (ROW_NUMBER,CHAMPION_NUMBER,CHAMPION_LEVEL,HP,MP,AD,AP,HPGROWTH,MPGROWTH,ADGROWTH,APGROWTH) values (38,3,2,622,322,67,0,82,40,3,0);
Insert into TEAMP.CHAMPION_PER_LEVEL (ROW_NUMBER,CHAMPION_NUMBER,CHAMPION_LEVEL,HP,MP,AD,AP,HPGROWTH,MPGROWTH,ADGROWTH,APGROWTH) values (39,3,3,704,362,70,0,82,40,3,0);
Insert into TEAMP.CHAMPION_PER_LEVEL (ROW_NUMBER,CHAMPION_NUMBER,CHAMPION_LEVEL,HP,MP,AD,AP,HPGROWTH,MPGROWTH,ADGROWTH,APGROWTH) values (40,3,4,786,402,73,0,82,40,3,0);
Insert into TEAMP.CHAMPION_PER_LEVEL (ROW_NUMBER,CHAMPION_NUMBER,CHAMPION_LEVEL,HP,MP,AD,AP,HPGROWTH,MPGROWTH,ADGROWTH,APGROWTH) values (41,3,5,868,442,76,0,82,40,3,0);
Insert into TEAMP.CHAMPION_PER_LEVEL (ROW_NUMBER,CHAMPION_NUMBER,CHAMPION_LEVEL,HP,MP,AD,AP,HPGROWTH,MPGROWTH,ADGROWTH,APGROWTH) values (42,3,6,950,482,79,0,82,40,3,0);
Insert into TEAMP.CHAMPION_PER_LEVEL (ROW_NUMBER,CHAMPION_NUMBER,CHAMPION_LEVEL,HP,MP,AD,AP,HPGROWTH,MPGROWTH,ADGROWTH,APGROWTH) values (43,3,7,1032,522,82,0,82,40,3,0);
Insert into TEAMP.CHAMPION_PER_LEVEL (ROW_NUMBER,CHAMPION_NUMBER,CHAMPION_LEVEL,HP,MP,AD,AP,HPGROWTH,MPGROWTH,ADGROWTH,APGROWTH) values (44,3,8,1114,562,85,0,82,40,3,0);
Insert into TEAMP.CHAMPION_PER_LEVEL (ROW_NUMBER,CHAMPION_NUMBER,CHAMPION_LEVEL,HP,MP,AD,AP,HPGROWTH,MPGROWTH,ADGROWTH,APGROWTH) values (45,3,9,1196,602,88,0,82,40,3,0);
Insert into TEAMP.CHAMPION_PER_LEVEL (ROW_NUMBER,CHAMPION_NUMBER,CHAMPION_LEVEL,HP,MP,AD,AP,HPGROWTH,MPGROWTH,ADGROWTH,APGROWTH) values (46,3,10,1278,642,91,0,82,40,3,0);
Insert into TEAMP.CHAMPION_PER_LEVEL (ROW_NUMBER,CHAMPION_NUMBER,CHAMPION_LEVEL,HP,MP,AD,AP,HPGROWTH,MPGROWTH,ADGROWTH,APGROWTH) values (47,3,11,1360,682,94,0,82,40,3,0);
Insert into TEAMP.CHAMPION_PER_LEVEL (ROW_NUMBER,CHAMPION_NUMBER,CHAMPION_LEVEL,HP,MP,AD,AP,HPGROWTH,MPGROWTH,ADGROWTH,APGROWTH) values (48,3,12,1442,722,97,0,82,40,3,0);
Insert into TEAMP.CHAMPION_PER_LEVEL (ROW_NUMBER,CHAMPION_NUMBER,CHAMPION_LEVEL,HP,MP,AD,AP,HPGROWTH,MPGROWTH,ADGROWTH,APGROWTH) values (49,3,13,1524,762,100,0,82,40,3,0);
Insert into TEAMP.CHAMPION_PER_LEVEL (ROW_NUMBER,CHAMPION_NUMBER,CHAMPION_LEVEL,HP,MP,AD,AP,HPGROWTH,MPGROWTH,ADGROWTH,APGROWTH) values (50,3,14,1606,802,103,0,82,40,3,0);
Insert into TEAMP.CHAMPION_PER_LEVEL (ROW_NUMBER,CHAMPION_NUMBER,CHAMPION_LEVEL,HP,MP,AD,AP,HPGROWTH,MPGROWTH,ADGROWTH,APGROWTH) values (51,3,15,1688,842,106,0,82,40,3,0);
Insert into TEAMP.CHAMPION_PER_LEVEL (ROW_NUMBER,CHAMPION_NUMBER,CHAMPION_LEVEL,HP,MP,AD,AP,HPGROWTH,MPGROWTH,ADGROWTH,APGROWTH) values (52,3,16,1770,882,109,0,82,40,3,0);
Insert into TEAMP.CHAMPION_PER_LEVEL (ROW_NUMBER,CHAMPION_NUMBER,CHAMPION_LEVEL,HP,MP,AD,AP,HPGROWTH,MPGROWTH,ADGROWTH,APGROWTH) values (53,3,17,1852,922,112,0,82,40,3,0);
Insert into TEAMP.CHAMPION_PER_LEVEL (ROW_NUMBER,CHAMPION_NUMBER,CHAMPION_LEVEL,HP,MP,AD,AP,HPGROWTH,MPGROWTH,ADGROWTH,APGROWTH) values (54,3,18,1934,962,115,0,82,40,3,0);
Insert into TEAMP.CHAMPION_PER_LEVEL (ROW_NUMBER,CHAMPION_NUMBER,CHAMPION_LEVEL,HP,MP,AD,AP,HPGROWTH,MPGROWTH,ADGROWTH,APGROWTH) values (55,4,1,510,0,59,0,65,0,3,0);
Insert into TEAMP.CHAMPION_PER_LEVEL (ROW_NUMBER,CHAMPION_NUMBER,CHAMPION_LEVEL,HP,MP,AD,AP,HPGROWTH,MPGROWTH,ADGROWTH,APGROWTH) values (56,4,2,575,0,62,0,65,0,3,0);
Insert into TEAMP.CHAMPION_PER_LEVEL (ROW_NUMBER,CHAMPION_NUMBER,CHAMPION_LEVEL,HP,MP,AD,AP,HPGROWTH,MPGROWTH,ADGROWTH,APGROWTH) values (57,4,3,640,0,65,0,65,0,3,0);
Insert into TEAMP.CHAMPION_PER_LEVEL (ROW_NUMBER,CHAMPION_NUMBER,CHAMPION_LEVEL,HP,MP,AD,AP,HPGROWTH,MPGROWTH,ADGROWTH,APGROWTH) values (58,4,4,705,0,68,0,65,0,3,0);
Insert into TEAMP.CHAMPION_PER_LEVEL (ROW_NUMBER,CHAMPION_NUMBER,CHAMPION_LEVEL,HP,MP,AD,AP,HPGROWTH,MPGROWTH,ADGROWTH,APGROWTH) values (59,4,5,770,0,71,0,65,0,3,0);
Insert into TEAMP.CHAMPION_PER_LEVEL (ROW_NUMBER,CHAMPION_NUMBER,CHAMPION_LEVEL,HP,MP,AD,AP,HPGROWTH,MPGROWTH,ADGROWTH,APGROWTH) values (60,4,6,835,0,74,0,65,0,3,0);
Insert into TEAMP.CHAMPION_PER_LEVEL (ROW_NUMBER,CHAMPION_NUMBER,CHAMPION_LEVEL,HP,MP,AD,AP,HPGROWTH,MPGROWTH,ADGROWTH,APGROWTH) values (61,4,7,900,0,77,0,65,0,3,0);
Insert into TEAMP.CHAMPION_PER_LEVEL (ROW_NUMBER,CHAMPION_NUMBER,CHAMPION_LEVEL,HP,MP,AD,AP,HPGROWTH,MPGROWTH,ADGROWTH,APGROWTH) values (62,4,8,965,0,80,0,65,0,3,0);
Insert into TEAMP.CHAMPION_PER_LEVEL (ROW_NUMBER,CHAMPION_NUMBER,CHAMPION_LEVEL,HP,MP,AD,AP,HPGROWTH,MPGROWTH,ADGROWTH,APGROWTH) values (63,4,9,1030,0,83,0,65,0,3,0);
Insert into TEAMP.CHAMPION_PER_LEVEL (ROW_NUMBER,CHAMPION_NUMBER,CHAMPION_LEVEL,HP,MP,AD,AP,HPGROWTH,MPGROWTH,ADGROWTH,APGROWTH) values (64,4,10,1095,0,86,0,65,0,3,0);
Insert into TEAMP.CHAMPION_PER_LEVEL (ROW_NUMBER,CHAMPION_NUMBER,CHAMPION_LEVEL,HP,MP,AD,AP,HPGROWTH,MPGROWTH,ADGROWTH,APGROWTH) values (65,4,11,1160,0,89,0,65,0,3,0);
Insert into TEAMP.CHAMPION_PER_LEVEL (ROW_NUMBER,CHAMPION_NUMBER,CHAMPION_LEVEL,HP,MP,AD,AP,HPGROWTH,MPGROWTH,ADGROWTH,APGROWTH) values (66,4,12,1225,0,92,0,65,0,3,0);
Insert into TEAMP.CHAMPION_PER_LEVEL (ROW_NUMBER,CHAMPION_NUMBER,CHAMPION_LEVEL,HP,MP,AD,AP,HPGROWTH,MPGROWTH,ADGROWTH,APGROWTH) values (67,4,13,1290,0,95,0,65,0,3,0);
Insert into TEAMP.CHAMPION_PER_LEVEL (ROW_NUMBER,CHAMPION_NUMBER,CHAMPION_LEVEL,HP,MP,AD,AP,HPGROWTH,MPGROWTH,ADGROWTH,APGROWTH) values (68,4,14,1355,0,98,0,65,0,3,0);
Insert into TEAMP.CHAMPION_PER_LEVEL (ROW_NUMBER,CHAMPION_NUMBER,CHAMPION_LEVEL,HP,MP,AD,AP,HPGROWTH,MPGROWTH,ADGROWTH,APGROWTH) values (69,4,15,1420,0,101,0,65,0,3,0);
Insert into TEAMP.CHAMPION_PER_LEVEL (ROW_NUMBER,CHAMPION_NUMBER,CHAMPION_LEVEL,HP,MP,AD,AP,HPGROWTH,MPGROWTH,ADGROWTH,APGROWTH) values (70,4,16,1485,0,104,0,65,0,3,0);
Insert into TEAMP.CHAMPION_PER_LEVEL (ROW_NUMBER,CHAMPION_NUMBER,CHAMPION_LEVEL,HP,MP,AD,AP,HPGROWTH,MPGROWTH,ADGROWTH,APGROWTH) values (71,4,17,1550,0,107,0,65,0,3,0);
Insert into TEAMP.CHAMPION_PER_LEVEL (ROW_NUMBER,CHAMPION_NUMBER,CHAMPION_LEVEL,HP,MP,AD,AP,HPGROWTH,MPGROWTH,ADGROWTH,APGROWTH) values (72,4,18,1615,0,110,0,65,0,3,0);
Insert into TEAMP.CHAMPION_PER_LEVEL (ROW_NUMBER,CHAMPION_NUMBER,CHAMPION_LEVEL,HP,MP,AD,AP,HPGROWTH,MPGROWTH,ADGROWTH,APGROWTH) values (73,5,1,561,325,67,0,90,42,4,0);
Insert into TEAMP.CHAMPION_PER_LEVEL (ROW_NUMBER,CHAMPION_NUMBER,CHAMPION_LEVEL,HP,MP,AD,AP,HPGROWTH,MPGROWTH,ADGROWTH,APGROWTH) values (74,5,2,651,367,71,0,90,42,4,0);
Insert into TEAMP.CHAMPION_PER_LEVEL (ROW_NUMBER,CHAMPION_NUMBER,CHAMPION_LEVEL,HP,MP,AD,AP,HPGROWTH,MPGROWTH,ADGROWTH,APGROWTH) values (75,5,3,741,409,75,0,90,42,4,0);
Insert into TEAMP.CHAMPION_PER_LEVEL (ROW_NUMBER,CHAMPION_NUMBER,CHAMPION_LEVEL,HP,MP,AD,AP,HPGROWTH,MPGROWTH,ADGROWTH,APGROWTH) values (76,5,4,831,451,79,0,90,42,4,0);
Insert into TEAMP.CHAMPION_PER_LEVEL (ROW_NUMBER,CHAMPION_NUMBER,CHAMPION_LEVEL,HP,MP,AD,AP,HPGROWTH,MPGROWTH,ADGROWTH,APGROWTH) values (77,5,5,921,493,83,0,90,42,4,0);
Insert into TEAMP.CHAMPION_PER_LEVEL (ROW_NUMBER,CHAMPION_NUMBER,CHAMPION_LEVEL,HP,MP,AD,AP,HPGROWTH,MPGROWTH,ADGROWTH,APGROWTH) values (78,5,6,1011,535,87,0,90,42,4,0);
Insert into TEAMP.CHAMPION_PER_LEVEL (ROW_NUMBER,CHAMPION_NUMBER,CHAMPION_LEVEL,HP,MP,AD,AP,HPGROWTH,MPGROWTH,ADGROWTH,APGROWTH) values (79,5,7,1101,577,91,0,90,42,4,0);
Insert into TEAMP.CHAMPION_PER_LEVEL (ROW_NUMBER,CHAMPION_NUMBER,CHAMPION_LEVEL,HP,MP,AD,AP,HPGROWTH,MPGROWTH,ADGROWTH,APGROWTH) values (80,5,8,1191,619,95,0,90,42,4,0);
Insert into TEAMP.CHAMPION_PER_LEVEL (ROW_NUMBER,CHAMPION_NUMBER,CHAMPION_LEVEL,HP,MP,AD,AP,HPGROWTH,MPGROWTH,ADGROWTH,APGROWTH) values (81,5,9,1281,661,99,0,90,42,4,0);
Insert into TEAMP.CHAMPION_PER_LEVEL (ROW_NUMBER,CHAMPION_NUMBER,CHAMPION_LEVEL,HP,MP,AD,AP,HPGROWTH,MPGROWTH,ADGROWTH,APGROWTH) values (82,5,10,1371,703,103,0,90,42,4,0);
Insert into TEAMP.CHAMPION_PER_LEVEL (ROW_NUMBER,CHAMPION_NUMBER,CHAMPION_LEVEL,HP,MP,AD,AP,HPGROWTH,MPGROWTH,ADGROWTH,APGROWTH) values (83,5,11,1461,745,107,0,90,42,4,0);
Insert into TEAMP.CHAMPION_PER_LEVEL (ROW_NUMBER,CHAMPION_NUMBER,CHAMPION_LEVEL,HP,MP,AD,AP,HPGROWTH,MPGROWTH,ADGROWTH,APGROWTH) values (84,5,12,1551,787,111,0,90,42,4,0);
Insert into TEAMP.CHAMPION_PER_LEVEL (ROW_NUMBER,CHAMPION_NUMBER,CHAMPION_LEVEL,HP,MP,AD,AP,HPGROWTH,MPGROWTH,ADGROWTH,APGROWTH) values (85,5,13,1641,829,115,0,90,42,4,0);
Insert into TEAMP.CHAMPION_PER_LEVEL (ROW_NUMBER,CHAMPION_NUMBER,CHAMPION_LEVEL,HP,MP,AD,AP,HPGROWTH,MPGROWTH,ADGROWTH,APGROWTH) values (86,5,14,1731,871,119,0,90,42,4,0);
Insert into TEAMP.CHAMPION_PER_LEVEL (ROW_NUMBER,CHAMPION_NUMBER,CHAMPION_LEVEL,HP,MP,AD,AP,HPGROWTH,MPGROWTH,ADGROWTH,APGROWTH) values (87,5,15,1821,913,123,0,90,42,4,0);
Insert into TEAMP.CHAMPION_PER_LEVEL (ROW_NUMBER,CHAMPION_NUMBER,CHAMPION_LEVEL,HP,MP,AD,AP,HPGROWTH,MPGROWTH,ADGROWTH,APGROWTH) values (88,5,16,1911,955,127,0,90,42,4,0);
Insert into TEAMP.CHAMPION_PER_LEVEL (ROW_NUMBER,CHAMPION_NUMBER,CHAMPION_LEVEL,HP,MP,AD,AP,HPGROWTH,MPGROWTH,ADGROWTH,APGROWTH) values (89,5,17,2001,997,131,0,90,42,4,0);
Insert into TEAMP.CHAMPION_PER_LEVEL (ROW_NUMBER,CHAMPION_NUMBER,CHAMPION_LEVEL,HP,MP,AD,AP,HPGROWTH,MPGROWTH,ADGROWTH,APGROWTH) values (90,5,18,2091,1039,135,0,90,42,4,0);
REM INSERTING into TEAMP.MEMBERS
SET DEFINE OFF;
Insert into TEAMP.MEMBERS (MEMBER_NUMBER,AUTHORITY,MEMBER_ID,EMAIL,PASSWORD,CREATE_DATE,MODIFIED_DATE) values (1,'Y','administrator','god@gmail.com','1234',to_date('19/05/16','RR/MM/DD'),null);
REM INSERTING into TEAMP.REPLY
SET DEFINE OFF;
--------------------------------------------------------
--  DDL for Index CHAMPION_FILE_FILE_INDEX_PK
--------------------------------------------------------

  CREATE UNIQUE INDEX "TEAMP"."CHAMPION_FILE_FILE_INDEX_PK" ON "TEAMP"."CHAMPION_FILE" ("FILE_INDEX") 
  PCTFREE 10 INITRANS 2 MAXTRANS 255 
  STORAGE(INITIAL 65536 NEXT 1048576 MINEXTENTS 1 MAXEXTENTS 2147483645
  PCTINCREASE 0 FREELISTS 1 FREELIST GROUPS 1 BUFFER_POOL DEFAULT FLASH_CACHE DEFAULT CELL_FLASH_CACHE DEFAULT)
  TABLESPACE "SYSTEM" ;
--------------------------------------------------------
--  DDL for Index SYS_C007334
--------------------------------------------------------

  CREATE UNIQUE INDEX "TEAMP"."SYS_C007334" ON "TEAMP"."MEMBERS" ("MEMBER_NUMBER") 
  PCTFREE 10 INITRANS 2 MAXTRANS 255 
  STORAGE(INITIAL 65536 NEXT 1048576 MINEXTENTS 1 MAXEXTENTS 2147483645
  PCTINCREASE 0 FREELISTS 1 FREELIST GROUPS 1 BUFFER_POOL DEFAULT FLASH_CACHE DEFAULT CELL_FLASH_CACHE DEFAULT)
  TABLESPACE "SYSTEM" ;
--------------------------------------------------------
--  DDL for Index SYS_C007335
--------------------------------------------------------

  CREATE UNIQUE INDEX "TEAMP"."SYS_C007335" ON "TEAMP"."MEMBERS" ("MEMBER_ID") 
  PCTFREE 10 INITRANS 2 MAXTRANS 255 
  STORAGE(INITIAL 65536 NEXT 1048576 MINEXTENTS 1 MAXEXTENTS 2147483645
  PCTINCREASE 0 FREELISTS 1 FREELIST GROUPS 1 BUFFER_POOL DEFAULT FLASH_CACHE DEFAULT CELL_FLASH_CACHE DEFAULT)
  TABLESPACE "SYSTEM" ;
--------------------------------------------------------
--  DDL for Index SYS_C007336
--------------------------------------------------------

  CREATE UNIQUE INDEX "TEAMP"."SYS_C007336" ON "TEAMP"."MEMBERS" ("EMAIL") 
  PCTFREE 10 INITRANS 2 MAXTRANS 255 
  STORAGE(INITIAL 65536 NEXT 1048576 MINEXTENTS 1 MAXEXTENTS 2147483645
  PCTINCREASE 0 FREELISTS 1 FREELIST GROUPS 1 BUFFER_POOL DEFAULT FLASH_CACHE DEFAULT CELL_FLASH_CACHE DEFAULT)
  TABLESPACE "SYSTEM" ;
--------------------------------------------------------
--  DDL for Index SYS_C007340
--------------------------------------------------------

  CREATE UNIQUE INDEX "TEAMP"."SYS_C007340" ON "TEAMP"."BOARD" ("BOARD_NUMBER") 
  PCTFREE 10 INITRANS 2 MAXTRANS 255 
  STORAGE(INITIAL 65536 NEXT 1048576 MINEXTENTS 1 MAXEXTENTS 2147483645
  PCTINCREASE 0 FREELISTS 1 FREELIST GROUPS 1 BUFFER_POOL DEFAULT FLASH_CACHE DEFAULT CELL_FLASH_CACHE DEFAULT)
  TABLESPACE "SYSTEM" ;
--------------------------------------------------------
--  DDL for Index SYS_C007345
--------------------------------------------------------

  CREATE UNIQUE INDEX "TEAMP"."SYS_C007345" ON "TEAMP"."REPLY" ("REPLY_NUM") 
  PCTFREE 10 INITRANS 2 MAXTRANS 255 
  STORAGE(INITIAL 65536 NEXT 1048576 MINEXTENTS 1 MAXEXTENTS 2147483645
  PCTINCREASE 0 FREELISTS 1 FREELIST GROUPS 1 BUFFER_POOL DEFAULT FLASH_CACHE DEFAULT CELL_FLASH_CACHE DEFAULT)
  TABLESPACE "SYSTEM" ;
--------------------------------------------------------
--  DDL for Index SYS_C007371
--------------------------------------------------------

  CREATE UNIQUE INDEX "TEAMP"."SYS_C007371" ON "TEAMP"."CHAMPION_PER_LEVEL" ("ROW_NUMBER") 
  PCTFREE 10 INITRANS 2 MAXTRANS 255 
  STORAGE(INITIAL 65536 NEXT 1048576 MINEXTENTS 1 MAXEXTENTS 2147483645
  PCTINCREASE 0 FREELISTS 1 FREELIST GROUPS 1 BUFFER_POOL DEFAULT FLASH_CACHE DEFAULT CELL_FLASH_CACHE DEFAULT)
  TABLESPACE "SYSTEM" ;
--------------------------------------------------------
--  DDL for Index SYS_C007399
--------------------------------------------------------

  CREATE UNIQUE INDEX "TEAMP"."SYS_C007399" ON "TEAMP"."CHAMPION" ("CHAMPION_NUMBER") 
  PCTFREE 10 INITRANS 2 MAXTRANS 255 
  STORAGE(INITIAL 65536 NEXT 1048576 MINEXTENTS 1 MAXEXTENTS 2147483645
  PCTINCREASE 0 FREELISTS 1 FREELIST GROUPS 1 BUFFER_POOL DEFAULT FLASH_CACHE DEFAULT CELL_FLASH_CACHE DEFAULT)
  TABLESPACE "SYSTEM" ;
--------------------------------------------------------
--  DDL for Index SYS_C007400
--------------------------------------------------------

  CREATE UNIQUE INDEX "TEAMP"."SYS_C007400" ON "TEAMP"."CHAMPION" ("CHAMPION_NAME") 
  PCTFREE 10 INITRANS 2 MAXTRANS 255 
  STORAGE(INITIAL 65536 NEXT 1048576 MINEXTENTS 1 MAXEXTENTS 2147483645
  PCTINCREASE 0 FREELISTS 1 FREELIST GROUPS 1 BUFFER_POOL DEFAULT FLASH_CACHE DEFAULT CELL_FLASH_CACHE DEFAULT)
  TABLESPACE "SYSTEM" ;
--------------------------------------------------------
--  DDL for Index SYS_C007401
--------------------------------------------------------

  CREATE UNIQUE INDEX "TEAMP"."SYS_C007401" ON "TEAMP"."CHAMPION" ("CHAMPION_NICK") 
  PCTFREE 10 INITRANS 2 MAXTRANS 255 
  STORAGE(INITIAL 65536 NEXT 1048576 MINEXTENTS 1 MAXEXTENTS 2147483645
  PCTINCREASE 0 FREELISTS 1 FREELIST GROUPS 1 BUFFER_POOL DEFAULT FLASH_CACHE DEFAULT CELL_FLASH_CACHE DEFAULT)
  TABLESPACE "SYSTEM" ;
--------------------------------------------------------
--  Constraints for Table BOARD
--------------------------------------------------------

  ALTER TABLE "TEAMP"."BOARD" ADD PRIMARY KEY ("BOARD_NUMBER")
  USING INDEX PCTFREE 10 INITRANS 2 MAXTRANS 255 
  STORAGE(INITIAL 65536 NEXT 1048576 MINEXTENTS 1 MAXEXTENTS 2147483645
  PCTINCREASE 0 FREELISTS 1 FREELIST GROUPS 1 BUFFER_POOL DEFAULT FLASH_CACHE DEFAULT CELL_FLASH_CACHE DEFAULT)
  TABLESPACE "SYSTEM"  ENABLE;
  ALTER TABLE "TEAMP"."BOARD" MODIFY ("MEMBER_NUMBER" NOT NULL ENABLE);
  ALTER TABLE "TEAMP"."BOARD" MODIFY ("TITLE" NOT NULL ENABLE);
  ALTER TABLE "TEAMP"."BOARD" MODIFY ("BOARD_NUMBER" NOT NULL ENABLE);
--------------------------------------------------------
--  Constraints for Table CHAMPION
--------------------------------------------------------

  ALTER TABLE "TEAMP"."CHAMPION" ADD UNIQUE ("CHAMPION_NICK")
  USING INDEX PCTFREE 10 INITRANS 2 MAXTRANS 255 
  STORAGE(INITIAL 65536 NEXT 1048576 MINEXTENTS 1 MAXEXTENTS 2147483645
  PCTINCREASE 0 FREELISTS 1 FREELIST GROUPS 1 BUFFER_POOL DEFAULT FLASH_CACHE DEFAULT CELL_FLASH_CACHE DEFAULT)
  TABLESPACE "SYSTEM"  ENABLE;
  ALTER TABLE "TEAMP"."CHAMPION" ADD UNIQUE ("CHAMPION_NAME")
  USING INDEX PCTFREE 10 INITRANS 2 MAXTRANS 255 
  STORAGE(INITIAL 65536 NEXT 1048576 MINEXTENTS 1 MAXEXTENTS 2147483645
  PCTINCREASE 0 FREELISTS 1 FREELIST GROUPS 1 BUFFER_POOL DEFAULT FLASH_CACHE DEFAULT CELL_FLASH_CACHE DEFAULT)
  TABLESPACE "SYSTEM"  ENABLE;
  ALTER TABLE "TEAMP"."CHAMPION" ADD PRIMARY KEY ("CHAMPION_NUMBER")
  USING INDEX PCTFREE 10 INITRANS 2 MAXTRANS 255 
  STORAGE(INITIAL 65536 NEXT 1048576 MINEXTENTS 1 MAXEXTENTS 2147483645
  PCTINCREASE 0 FREELISTS 1 FREELIST GROUPS 1 BUFFER_POOL DEFAULT FLASH_CACHE DEFAULT CELL_FLASH_CACHE DEFAULT)
  TABLESPACE "SYSTEM"  ENABLE;
  ALTER TABLE "TEAMP"."CHAMPION" MODIFY ("AP" NOT NULL ENABLE);
  ALTER TABLE "TEAMP"."CHAMPION" MODIFY ("AD" NOT NULL ENABLE);
  ALTER TABLE "TEAMP"."CHAMPION" MODIFY ("MP" NOT NULL ENABLE);
  ALTER TABLE "TEAMP"."CHAMPION" MODIFY ("HP" NOT NULL ENABLE);
  ALTER TABLE "TEAMP"."CHAMPION" MODIFY ("POSITION" NOT NULL ENABLE);
  ALTER TABLE "TEAMP"."CHAMPION" MODIFY ("CHAMPION_NICK" NOT NULL ENABLE);
  ALTER TABLE "TEAMP"."CHAMPION" MODIFY ("CHAMPION_NAME" NOT NULL ENABLE);
  ALTER TABLE "TEAMP"."CHAMPION" MODIFY ("CHAMPION_NUMBER" NOT NULL ENABLE);
--------------------------------------------------------
--  Constraints for Table CHAMPION_FILE
--------------------------------------------------------

  ALTER TABLE "TEAMP"."CHAMPION_FILE" ADD CONSTRAINT "CHAMPION_FILE_FILE_INDEX_PK" PRIMARY KEY ("FILE_INDEX")
  USING INDEX PCTFREE 10 INITRANS 2 MAXTRANS 255 
  STORAGE(INITIAL 65536 NEXT 1048576 MINEXTENTS 1 MAXEXTENTS 2147483645
  PCTINCREASE 0 FREELISTS 1 FREELIST GROUPS 1 BUFFER_POOL DEFAULT FLASH_CACHE DEFAULT CELL_FLASH_CACHE DEFAULT)
  TABLESPACE "SYSTEM"  ENABLE;
  ALTER TABLE "TEAMP"."CHAMPION_FILE" MODIFY ("CRE_DATE" NOT NULL ENABLE);
  ALTER TABLE "TEAMP"."CHAMPION_FILE" MODIFY ("FILE_SIZE" NOT NULL ENABLE);
  ALTER TABLE "TEAMP"."CHAMPION_FILE" MODIFY ("STORED_FILE_NAME" NOT NULL ENABLE);
  ALTER TABLE "TEAMP"."CHAMPION_FILE" MODIFY ("ORIGINAL_FILE_NAME" NOT NULL ENABLE);
  ALTER TABLE "TEAMP"."CHAMPION_FILE" MODIFY ("CHAMPION_NUMBER" NOT NULL ENABLE);
--------------------------------------------------------
--  Constraints for Table CHAMPION_PER_LEVEL
--------------------------------------------------------

  ALTER TABLE "TEAMP"."CHAMPION_PER_LEVEL" ADD PRIMARY KEY ("ROW_NUMBER")
  USING INDEX PCTFREE 10 INITRANS 2 MAXTRANS 255 
  STORAGE(INITIAL 65536 NEXT 1048576 MINEXTENTS 1 MAXEXTENTS 2147483645
  PCTINCREASE 0 FREELISTS 1 FREELIST GROUPS 1 BUFFER_POOL DEFAULT FLASH_CACHE DEFAULT CELL_FLASH_CACHE DEFAULT)
  TABLESPACE "SYSTEM"  ENABLE;
  ALTER TABLE "TEAMP"."CHAMPION_PER_LEVEL" MODIFY ("APGROWTH" NOT NULL ENABLE);
  ALTER TABLE "TEAMP"."CHAMPION_PER_LEVEL" MODIFY ("ADGROWTH" NOT NULL ENABLE);
  ALTER TABLE "TEAMP"."CHAMPION_PER_LEVEL" MODIFY ("MPGROWTH" NOT NULL ENABLE);
  ALTER TABLE "TEAMP"."CHAMPION_PER_LEVEL" MODIFY ("HPGROWTH" NOT NULL ENABLE);
  ALTER TABLE "TEAMP"."CHAMPION_PER_LEVEL" MODIFY ("AP" NOT NULL ENABLE);
  ALTER TABLE "TEAMP"."CHAMPION_PER_LEVEL" MODIFY ("AD" NOT NULL ENABLE);
  ALTER TABLE "TEAMP"."CHAMPION_PER_LEVEL" MODIFY ("MP" NOT NULL ENABLE);
  ALTER TABLE "TEAMP"."CHAMPION_PER_LEVEL" MODIFY ("HP" NOT NULL ENABLE);
  ALTER TABLE "TEAMP"."CHAMPION_PER_LEVEL" MODIFY ("CHAMPION_LEVEL" NOT NULL ENABLE);
  ALTER TABLE "TEAMP"."CHAMPION_PER_LEVEL" MODIFY ("CHAMPION_NUMBER" NOT NULL ENABLE);
  ALTER TABLE "TEAMP"."CHAMPION_PER_LEVEL" MODIFY ("ROW_NUMBER" NOT NULL ENABLE);
--------------------------------------------------------
--  Constraints for Table MEMBERS
--------------------------------------------------------

  ALTER TABLE "TEAMP"."MEMBERS" ADD UNIQUE ("EMAIL")
  USING INDEX PCTFREE 10 INITRANS 2 MAXTRANS 255 
  STORAGE(INITIAL 65536 NEXT 1048576 MINEXTENTS 1 MAXEXTENTS 2147483645
  PCTINCREASE 0 FREELISTS 1 FREELIST GROUPS 1 BUFFER_POOL DEFAULT FLASH_CACHE DEFAULT CELL_FLASH_CACHE DEFAULT)
  TABLESPACE "SYSTEM"  ENABLE;
  ALTER TABLE "TEAMP"."MEMBERS" ADD UNIQUE ("MEMBER_ID")
  USING INDEX PCTFREE 10 INITRANS 2 MAXTRANS 255 
  STORAGE(INITIAL 65536 NEXT 1048576 MINEXTENTS 1 MAXEXTENTS 2147483645
  PCTINCREASE 0 FREELISTS 1 FREELIST GROUPS 1 BUFFER_POOL DEFAULT FLASH_CACHE DEFAULT CELL_FLASH_CACHE DEFAULT)
  TABLESPACE "SYSTEM"  ENABLE;
  ALTER TABLE "TEAMP"."MEMBERS" ADD PRIMARY KEY ("MEMBER_NUMBER")
  USING INDEX PCTFREE 10 INITRANS 2 MAXTRANS 255 
  STORAGE(INITIAL 65536 NEXT 1048576 MINEXTENTS 1 MAXEXTENTS 2147483645
  PCTINCREASE 0 FREELISTS 1 FREELIST GROUPS 1 BUFFER_POOL DEFAULT FLASH_CACHE DEFAULT CELL_FLASH_CACHE DEFAULT)
  TABLESPACE "SYSTEM"  ENABLE;
  ALTER TABLE "TEAMP"."MEMBERS" MODIFY ("CREATE_DATE" NOT NULL ENABLE);
  ALTER TABLE "TEAMP"."MEMBERS" MODIFY ("PASSWORD" NOT NULL ENABLE);
  ALTER TABLE "TEAMP"."MEMBERS" MODIFY ("EMAIL" NOT NULL ENABLE);
  ALTER TABLE "TEAMP"."MEMBERS" MODIFY ("MEMBER_ID" NOT NULL ENABLE);
  ALTER TABLE "TEAMP"."MEMBERS" MODIFY ("AUTHORITY" NOT NULL ENABLE);
  ALTER TABLE "TEAMP"."MEMBERS" MODIFY ("MEMBER_NUMBER" NOT NULL ENABLE);
--------------------------------------------------------
--  Constraints for Table REPLY
--------------------------------------------------------

  ALTER TABLE "TEAMP"."REPLY" ADD PRIMARY KEY ("REPLY_NUM")
  USING INDEX PCTFREE 10 INITRANS 2 MAXTRANS 255 
  STORAGE(INITIAL 65536 NEXT 1048576 MINEXTENTS 1 MAXEXTENTS 2147483645
  PCTINCREASE 0 FREELISTS 1 FREELIST GROUPS 1 BUFFER_POOL DEFAULT FLASH_CACHE DEFAULT CELL_FLASH_CACHE DEFAULT)
  TABLESPACE "SYSTEM"  ENABLE;
  ALTER TABLE "TEAMP"."REPLY" MODIFY ("MEMBER_NUMBER" NOT NULL ENABLE);
  ALTER TABLE "TEAMP"."REPLY" MODIFY ("REPLY_BOARD_NUM" NOT NULL ENABLE);
  ALTER TABLE "TEAMP"."REPLY" MODIFY ("REPLY_NUM" NOT NULL ENABLE);
--------------------------------------------------------
--  Ref Constraints for Table BOARD
--------------------------------------------------------

  ALTER TABLE "TEAMP"."BOARD" ADD FOREIGN KEY ("MEMBER_NUMBER")
	  REFERENCES "TEAMP"."MEMBERS" ("MEMBER_NUMBER") ENABLE;
--------------------------------------------------------
--  Ref Constraints for Table REPLY
--------------------------------------------------------

  ALTER TABLE "TEAMP"."REPLY" ADD FOREIGN KEY ("MEMBER_NUMBER")
	  REFERENCES "TEAMP"."MEMBERS" ("MEMBER_NUMBER") ENABLE;
  ALTER TABLE "TEAMP"."REPLY" ADD FOREIGN KEY ("REPLY_BOARD_NUM")
	  REFERENCES "TEAMP"."BOARD" ("BOARD_NUMBER") ENABLE;
